,dh,dhid,mfdh,rgwp,dhwp,pp,rare
eval_accuracy,0.8870412844036697,0.618531889290012,0.5353159851301115,0.9061032863849765,0.5092592592592593,0.330188679245283,0.0
eval_precision,0.7073616826703246,0.7321937321937322,0.8727272727272727,0.8967119370979271,0.5566801619433198,0.6730769230769231,0.0
