,Metrics,Values,Model
0,eval_balanced_accuracy,0.592742974116235,LSTM
1,eval_absolute_accuracy,0.7497183098591549,LSTM
2,eval_recall,0.7497183098591549,LSTM
3,eval_precision,0.760405183604113,LSTM
4,eval_f1,0.7424337927501485,LSTM
5,eval_fit_time,465.76736783981323,LSTM
6,eval_score_time,2.5893073081970215,LSTM
7,eval_roc_auc,0.9362803113569288,LSTM
8,eval_log_loss,0.6959980595868843,LSTM
