,dh,dhid,mfdh,rgwp,dhwp,pp,rare
eval_accuracy,0.7144495412844036,0.6383874849578821,0.5799256505576208,0.929938605994944,0.43148148148148147,0.7924528301886793,0.0
eval_precision,0.7719950433705081,0.7414395527603075,0.9176470588235294,0.7702662279389769,0.571078431372549,0.6268656716417911,0.0
